search_term,product_code,product_name,label_tag
coconut milk,8886303210207,Natural Coconut Cream,en:vegetarian
coconut milk,8886303210207,Natural Coconut Cream,en:no-gluten
coconut milk,8886303210207,Natural Coconut Cream,en:halal
coconut milk,8886303210207,Natural Coconut Cream,en:kosher
coconut milk,8886303210207,Natural Coconut Cream,en:no-gmos
coconut milk,8886303210207,Natural Coconut Cream,en:no-milk
coconut milk,8886303210207,Natural Coconut Cream,en:no-preservatives
coconut milk,8886303210207,Natural Coconut Cream,en:vegan
coconut milk,8886303210207,Natural Coconut Cream,en:fsc
coconut milk,8886303210207,Natural Coconut Cream,en:green-dot
coconut milk,8886303210207,Natural Coconut Cream,en:iso-9001
coconut milk,8886303210207,Natural Coconut Cream,en:no-colorings
coconut milk,8886303210207,Natural Coconut Cream,en:no-flavors
coconut milk,8886303210207,Natural Coconut Cream,en:non-gmo-project
coconut milk,8886303210207,Natural Coconut Cream,en:organized-kashrut-kosher
coconut milk,8886303210207,Natural Coconut Cream,fr:triman
coconut milk,3229820797922,Coco sans sucres,en:low-or-no-sugar
coconut milk,3229820797922,Coco sans sucres,en:organic
coconut milk,3229820797922,Coco sans sucres,en:eu-organic
coconut milk,3229820797922,Coco sans sucres,en:non-eu-agriculture
coconut milk,3229820797922,Coco sans sucres,en:certified-b-corporation
coconut milk,3229820797922,Coco sans sucres,en:eu-agriculture
coconut milk,3229820797922,Coco sans sucres,en:eu-non-eu-agriculture
coconut milk,3229820797922,Coco sans sucres,en:fr-bio-01
coconut milk,3229820797922,Coco sans sucres,en:made-in-italy
coconut milk,3229820797922,Coco sans sucres,en:no-sugar
coconut milk,3229820797922,Coco sans sucres,en:nutriscore
coconut milk,3229820797922,Coco sans sucres,en:nutriscore-grade-b
coconut milk,3229820797922,Coco sans sucres,fr:ab-agriculture-biologique
coconut milk,8997212610412,Organic Coconut Milk,en:vegetarian
coconut milk,8997212610412,Organic Coconut Milk,en:no-gluten
coconut milk,8997212610412,Organic Coconut Milk,en:organic
coconut milk,8997212610412,Organic Coconut Milk,en:eu-organic
coconut milk,8997212610412,Organic Coconut Milk,en:kosher
coconut milk,8997212610412,Organic Coconut Milk,en:usda-organic
coconut milk,8997212610412,Organic Coconut Milk,en:vegan
coconut milk,8997212610412,Organic Coconut Milk,en:fr-bio-01
coconut milk,8997212610412,Organic Coconut Milk,en:id-bio-154
coconut milk,8997212610412,Organic Coconut Milk,en:no-additives
coconut milk,8997212610412,Organic Coconut Milk,en:organized-kashrut-kosher
coconut milk,8997212610412,Organic Coconut Milk,en:without-addition-of-dairy-products
coconut milk,8997212610412,Organic Coconut Milk,fr:ab-agriculture-biologique
coconut milk,8997212610412,Organic Coconut Milk,fr:triman
coconut milk,3760020500559,Coconut milk,en:vegetarian
coconut milk,3760020500559,Coconut milk,en:fair-trade
coconut milk,3760020500559,Coconut milk,en:organic
coconut milk,3760020500559,Coconut milk,en:eu-organic
coconut milk,3760020500559,Coconut milk,en:vegan
coconut milk,3760020500559,Coconut milk,en:1-for-the-planet
coconut milk,3760020500559,Coconut milk,en:european-vegetarian-union
coconut milk,3760020500559,Coconut milk,en:european-vegetarian-union-vegan
coconut milk,3760020500559,Coconut milk,en:fr-bio-01
coconut milk,3760020500559,Coconut milk,en:green-dot
coconut milk,3760020500559,Coconut milk,en:lk-bio-149
coconut milk,3760020500559,Coconut milk,en:no-bisphenol-a
coconut milk,3760020500559,Coconut milk,fr:ab-agriculture-biologique
coconut milk,3760020500559,Coconut milk,fr:boîte garantie sans bpa
coconut milk,3760020500559,Coconut milk,fr:garantie etic : équitable
coconut milk,4056489346364,Coconut And Rice Milk,en:vegetarian
coconut milk,4056489346364,Coconut And Rice Milk,en:organic
coconut milk,4056489346364,Coconut And Rice Milk,en:eu-organic
coconut milk,4056489346364,Coconut And Rice Milk,en:vegan
coconut milk,4056489346364,Coconut And Rice Milk,en:european-vegetarian-union
coconut milk,4056489346364,Coconut And Rice Milk,en:european-vegetarian-union-vegan
coconut milk,4056489346364,Coconut And Rice Milk,en:green-dot
coconut milk,4056489346364,Coconut And Rice Milk,en:it-bio-009
coconut milk,4056489346364,Coconut And Rice Milk,en:no-added-sugar
coconut milk,4056489346364,Coconut And Rice Milk,en:nutriscore
coconut milk,4056489346364,Coconut And Rice Milk,en:nutriscore-grade-b
coconut cream,8886303210207,Natural Coconut Cream,en:vegetarian
coconut cream,8886303210207,Natural Coconut Cream,en:no-gluten
coconut cream,8886303210207,Natural Coconut Cream,en:halal
coconut cream,8886303210207,Natural Coconut Cream,en:kosher
coconut cream,8886303210207,Natural Coconut Cream,en:no-gmos
coconut cream,8886303210207,Natural Coconut Cream,en:no-milk
coconut cream,8886303210207,Natural Coconut Cream,en:no-preservatives
coconut cream,8886303210207,Natural Coconut Cream,en:vegan
coconut cream,8886303210207,Natural Coconut Cream,en:fsc
coconut cream,8886303210207,Natural Coconut Cream,en:green-dot
coconut cream,8886303210207,Natural Coconut Cream,en:iso-9001
coconut cream,8886303210207,Natural Coconut Cream,en:no-colorings
coconut cream,8886303210207,Natural Coconut Cream,en:no-flavors
coconut cream,8886303210207,Natural Coconut Cream,en:non-gmo-project
coconut cream,8886303210207,Natural Coconut Cream,en:organized-kashrut-kosher
coconut cream,8886303210207,Natural Coconut Cream,fr:triman
coconut cream,3229820797922,Coco sans sucres,en:low-or-no-sugar
coconut cream,3229820797922,Coco sans sucres,en:organic
coconut cream,3229820797922,Coco sans sucres,en:eu-organic
coconut cream,3229820797922,Coco sans sucres,en:non-eu-agriculture
coconut cream,3229820797922,Coco sans sucres,en:certified-b-corporation
coconut cream,3229820797922,Coco sans sucres,en:eu-agriculture
coconut cream,3229820797922,Coco sans sucres,en:eu-non-eu-agriculture
coconut cream,3229820797922,Coco sans sucres,en:fr-bio-01
coconut cream,3229820797922,Coco sans sucres,en:made-in-italy
coconut cream,3229820797922,Coco sans sucres,en:no-sugar
coconut cream,3229820797922,Coco sans sucres,en:nutriscore
coconut cream,3229820797922,Coco sans sucres,en:nutriscore-grade-b
coconut cream,3229820797922,Coco sans sucres,fr:ab-agriculture-biologique
coconut cream,8997212610412,Organic Coconut Milk,en:vegetarian
coconut cream,8997212610412,Organic Coconut Milk,en:no-gluten
coconut cream,8997212610412,Organic Coconut Milk,en:organic
coconut cream,8997212610412,Organic Coconut Milk,en:eu-organic
coconut cream,8997212610412,Organic Coconut Milk,en:kosher
coconut cream,8997212610412,Organic Coconut Milk,en:usda-organic
coconut cream,8997212610412,Organic Coconut Milk,en:vegan
coconut cream,8997212610412,Organic Coconut Milk,en:fr-bio-01
coconut cream,8997212610412,Organic Coconut Milk,en:id-bio-154
coconut cream,8997212610412,Organic Coconut Milk,en:no-additives
coconut cream,8997212610412,Organic Coconut Milk,en:organized-kashrut-kosher
coconut cream,8997212610412,Organic Coconut Milk,en:without-addition-of-dairy-products
coconut cream,8997212610412,Organic Coconut Milk,fr:ab-agriculture-biologique
coconut cream,8997212610412,Organic Coconut Milk,fr:triman
coconut cream,8886303210535,Lait de coco fluide,en:kosher
coconut cream,8886303210535,Lait de coco fluide,en:organized-kashrut-kosher
coconut cream,4056489842736,Lait de coco,en:vegetarian
coconut cream,4056489842736,Lait de coco,en:vegan
coconut cream,4056489842736,Lait de coco,en:european-vegetarian-union
coconut cream,4056489842736,Lait de coco,en:european-vegetarian-union-vegan
coconut cream,4056489842736,Lait de coco,en:nutriscore
coconut cream,4056489842736,Lait de coco,en:nutriscore-grade-c
coconut cream,4056489842736,Lait de coco,fr:triman
chili powder,3166291543200,Piment d'Espelette,en:pdo
chili powder,3162900031731,Piment d'Espelette A.O.P.,en:pdo
chili powder,3162900031731,Piment d'Espelette A.O.P.,fr:aoc
chili powder,3547400900006,Piment d'Espelette AOP,en:pdo
chili powder,3547400900006,Piment d'Espelette AOP,fr:triman
chili powder,3162050040843,Piment d'espelette AOP,en:pdo
curry powder,20249939,Curry en poudre,en:organic
curry powder,20249939,Curry en poudre,en:eu-organic
curry powder,20249939,Curry en poudre,fr:ab-agriculture-biologique
curry powder,3166296205523,Curry Madras,fr:triman
rice flour,3760130560726,Farine complète de Riz Bio,en:no-gluten
rice flour,3760130560726,Farine complète de Riz Bio,en:organic
rice flour,3760130560726,Farine complète de Riz Bio,en:crossed-grain-trademark
rice flour,3760130560726,Farine complète de Riz Bio,en:eu-organic
rice flour,3760130560726,Farine complète de Riz Bio,en:de-oko-007
rice flour,3760130560726,Farine complète de Riz Bio,en:eu-agriculture
rice flour,3760130560726,Farine complète de Riz Bio,en:fr-bio-01
rice flour,3760130560726,Farine complète de Riz Bio,fr:ab-agriculture-biologique
rice flour,3760130560726,Farine complète de Riz Bio,fr:afdiag
rice flour,7613039587003,Nestle lion wild cereal,en:no-colorings
rice flour,0076808003888,Gluten Free Spaghetti,en:no-gluten
rice flour,0076808003888,Gluten Free Spaghetti,en:kosher
rice flour,0076808003888,Gluten Free Spaghetti,en:no-gmos
rice flour,0076808003888,Gluten Free Spaghetti,en:certified-gluten-free
rice flour,0076808003888,Gluten Free Spaghetti,en:made-in-usa
rice flour,0076808003888,Gluten Free Spaghetti,en:non-gmo-project
rice flour,0076808003888,Gluten Free Spaghetti,en:orthodox-union-kosher
rice flour,3760275575463,Farine de riz gluant,en:organic
rice flour,3760275575463,Farine de riz gluant,en:eu-organic
rice flour,3760275575463,Farine de riz gluant,en:fr-bio-10
rice flour,5011766010085,Ryžová múka bezlepková,en:no-gluten
lentils,3083680918497,Cassegrain - Lentilles préparées 4/4,en:no-preservatives
lentils,3083680918497,Cassegrain - Lentilles préparées 4/4,en:nutriscore
lentils,3083680918497,Cassegrain - Lentilles préparées 4/4,en:nutriscore-grade-a
lentils,3083680918497,Cassegrain - Lentilles préparées 4/4,fr:triman
lentils,3760020508883,Lentilles façon petit salé,en:organic
lentils,3760020508883,Lentilles façon petit salé,en:certified-by-ecocert
lentils,3760020508883,Lentilles façon petit salé,en:eu-organic
lentils,3760020508883,Lentilles façon petit salé,en:non-eu-agriculture
lentils,3760020508883,Lentilles façon petit salé,en:1-for-the-planet
lentils,3760020508883,Lentilles façon petit salé,en:eu-agriculture
lentils,3760020508883,Lentilles façon petit salé,en:eu-non-eu-agriculture
lentils,3760020508883,Lentilles façon petit salé,en:made-in-france
lentils,3760020508883,Lentilles façon petit salé,en:no-flavors
lentils,3760020508883,Lentilles façon petit salé,en:nutriscore
lentils,3760020508883,Lentilles façon petit salé,en:nutriscore-grade-a
lentils,3760020508883,Lentilles façon petit salé,fr:ab-agriculture-biologique
lentils,3270160695621,"Crevettes à l'indienne, lentilles corail et légumes",en:source-of-fibre
lentils,3270160695621,"Crevettes à l'indienne, lentilles corail et légumes",en:source-of-proteins
lentils,3270160695621,"Crevettes à l'indienne, lentilles corail et légumes",en:high-proteins
lentils,3270160695621,"Crevettes à l'indienne, lentilles corail et légumes",en:nutriscore
lentils,3270160695621,"Crevettes à l'indienne, lentilles corail et légumes",en:nutriscore-grade-a
lentils,3270160695621,"Crevettes à l'indienne, lentilles corail et légumes",fr:triman
lentils,5013665115373,Lentil and Pea Cakes with Beetroot and Balsamic Flavour Seasoning,en:vegetarian
lentils,5013665115373,Lentil and Pea Cakes with Beetroot and Balsamic Flavour Seasoning,en:no-gluten
lentils,5013665115373,Lentil and Pea Cakes with Beetroot and Balsamic Flavour Seasoning,en:source-of-fibre
lentils,5013665115373,Lentil and Pea Cakes with Beetroot and Balsamic Flavour Seasoning,en:source-of-proteins
lentils,5013665115373,Lentil and Pea Cakes with Beetroot and Balsamic Flavour Seasoning,en:vegan
lentils,5013665115373,Lentil and Pea Cakes with Beetroot and Balsamic Flavour Seasoning,en:certified-b-corporation
lentils,5013665115373,Lentil and Pea Cakes with Beetroot and Balsamic Flavour Seasoning,en:high-fibres
lentils,5013665115373,Lentil and Pea Cakes with Beetroot and Balsamic Flavour Seasoning,en:high-proteins
lentils,5013665115373,Lentil and Pea Cakes with Beetroot and Balsamic Flavour Seasoning,en:rich-in-vegetable-protein
lentils,3083681085891,Lentilles Vapeur,en:no-preservatives
lentils,3083681085891,Lentilles Vapeur,en:source-of-fibre
lentils,3083681085891,Lentilles Vapeur,en:source-of-proteins
lentils,3083681085891,Lentilles Vapeur,en:high-fibres
lentils,3083681085891,Lentilles Vapeur,en:high-proteins
lentils,3083681085891,Lentilles Vapeur,en:nutriscore
lentils,3083681085891,Lentilles Vapeur,en:nutriscore-grade-a
lentils,3083681085891,Lentilles Vapeur,en:végétalien
lentils,3083681085891,Lentilles Vapeur,en:végétarien
tea,3168930159896,Ice Tea Pêche,en:green-dot
tea,3168930159896,Ice Tea Pêche,en:metal-recycles-forever
tea,3168930159896,Ice Tea Pêche,en:no-colorings
tea,3168930159896,Ice Tea Pêche,en:rainforest-alliance
tea,3168930159896,Ice Tea Pêche,fr:triman
tea,3168930170549,Ice tea,en:no-colorings
tea,3168930170549,Ice tea,en:rainforest-alliance
tea,3168930170549,Ice tea,fr:triman
tea,3168930170549,Ice tea,fr:faible en calories
tea,6111252422428,saveur fruit rouge ice tea,en:green-dot
ginger beer,5060108450386,Premium Ginger Beer,en:vegetarian
ginger beer,5060108450386,Premium Ginger Beer,en:no-gluten
ginger beer,5060108450386,Premium Ginger Beer,en:vegan
ginger beer,5060108450348,Premium Ginger Beer,en:no-gluten
ginger beer,3770009345095,Ginger Beer,en:organic
ginger beer,3770009345095,Ginger Beer,en:eu-organic
ginger beer,3770009345095,Ginger Beer,en:non-eu-agriculture
ginger beer,3770009345095,Ginger Beer,en:eu-agriculture
ginger beer,3770009345095,Ginger Beer,en:eu-non-eu-agriculture
ginger beer,3770009345095,Ginger Beer,en:fr-bio-01
ginger beer,3770009345095,Ginger Beer,en:green-dot
ginger beer,3770009345095,Ginger Beer,en:without-sweeteners
ginger beer,3770009345095,Ginger Beer,fr:ab-agriculture-biologique
ginger beer,3770009345095,Ginger Beer,fr:triman
ginger beer,9311493002220,Bundaberg Non Alcoholic Ginger Beer,en:australian-made
ginger beer,9311493002220,Bundaberg Non Alcoholic Ginger Beer,en:green-dot
