search_term,code,product_name,brands,countries,categories,categories_tags,ingredients_text,allergens,allergens_tags,labels,labels_tags,nova_group,energy_kcal_100g,fat_100g,carbohydrates_100g,sugars_100g,fiber_100g,proteins_100g,salt_100g,sodium_100g,source_dataset
coconut milk,8886303210207,Natural Coconut Cream,Kara,"France, Hungary, world","Plant-based milk alternatives, Coconut creams","['en:beverages-and-beverages-preparations', 'en:plant-based-foods-and-beverages', 'en:beverages', 'en:plant-based-foods', 'en:dairy-substitutes', 'en:milk-substitutes', 'en:plant-based-beverages', 'en:plant-based-milk-alternatives', 'en:plant-based-creams', 'en:coconut-milks-and-creams', 'en:plant-based-creams-for-cooking', 'en:coconut-creams']","Natural Coconut Cream (99.9%), Xanthan Gum, Guar Gum, Carrageenan.",nuts,['en:nuts'],"No gluten, Halal, No milk, No preservatives, Vegan, FSC, Green Dot, ISO 9001, No colorings, No flavors, Non GMO project, Organized Kashrut Kosher, Triman","['en:vegetarian', 'en:no-gluten', 'en:halal', 'en:kosher', 'en:no-gmos', 'en:no-milk', 'en:no-preservatives', 'en:vegan', 'en:fsc', 'en:green-dot', 'en:iso-9001', 'en:no-colorings', 'en:no-flavors', 'en:non-gmo-project', 'en:organized-kashrut-kosher', 'fr:triman']",4.0,35.0,4.0,0.0,0.0,0.0,0.0,0.0,0.0,open_food_facts
coconut milk,3229820797922,Coco sans sucres,Bjorg,"France, Maroc","Laits et crèmes de coco, Crèmes végétales pour cuisiner, Boissons végétales de coco","['en:beverages-and-beverages-preparations', 'en:plant-based-foods-and-beverages', 'en:beverages', 'en:plant-based-foods', 'en:fruits-and-vegetables-based-foods', 'en:dairy-substitutes', 'en:fruits-based-foods', 'en:milk-substitutes', 'en:plant-based-beverages', 'en:plant-based-milk-alternatives', 'en:coconuts-and-their-products', 'en:plant-based-creams', 'en:coconut-milks-and-creams', 'en:plant-based-creams-for-cooking', 'en:coconut-based-drinks']","Eau, noix de coco 4%, eau de coco 4%, amidon de riz*, arômes naturels de coco*, stabilisants: gomme guar*, gomme gellane, sel marin. *Ingrédients biologiques",,[],"Entreprise B certifiée, Agriculture UE/Non UE, FR-BIO-01, Fabriqué en Italie, Sans sucre, Nutriscore B, AB Agriculture Biologique","['en:low-or-no-sugar', 'en:organic', 'en:eu-organic', 'en:non-eu-agriculture', 'en:certified-b-corporation', 'en:eu-agriculture', 'en:eu-non-eu-agriculture', 'en:fr-bio-01', 'en:made-in-italy', 'en:no-sugar', 'en:nutriscore', 'en:nutriscore-grade-b', 'fr:ab-agriculture-biologique']",4.0,18.0,1.4,0.8,0.5,0.5,0.6,0.11,0.044,open_food_facts
coconut milk,8997212610412,Organic Coconut Milk,Kara,"France, Singapore","Plant-based milk alternatives, Coconut milks and creams, Plant-based creams for cooking","['en:beverages-and-beverages-preparations', 'en:plant-based-foods-and-beverages', 'en:beverages', 'en:plant-based-foods', 'en:fruits-and-vegetables-based-foods', 'en:dairy-substitutes', 'en:fruits-based-foods', 'en:milk-substitutes', 'en:plant-based-beverages', 'en:plant-based-milk-alternatives', 'en:coconuts-and-their-products', 'en:plant-based-creams', 'en:coconut-milks-and-creams', 'en:plant-based-creams-for-cooking']",organic coconut milk,,[],"No gluten, USDA Organic, Vegan, FR-BIO-01, ID-BIO-154, No additives, Organized Kashrut Kosher, Without addition of dairy products, AB Agriculture Biologique, Triman","['en:vegetarian', 'en:no-gluten', 'en:organic', 'en:eu-organic', 'en:kosher', 'en:usda-organic', 'en:vegan', 'en:fr-bio-01', 'en:id-bio-154', 'en:no-additives', 'en:organized-kashrut-kosher', 'en:without-addition-of-dairy-products', 'fr:ab-agriculture-biologique', 'fr:triman']",1.0,,,,,,,,,open_food_facts
coconut milk,3760020500559,Coconut milk,"Jardin bio, LEA Nature","France, Suisse","Boissons végétales, Laits et crèmes de coco, Crèmes végétales pour cuisiner","['en:beverages-and-beverages-preparations', 'en:plant-based-foods-and-beverages', 'en:beverages', 'en:plant-based-foods', 'en:fruits-and-vegetables-based-foods', 'en:dairy-substitutes', 'en:fruits-based-foods', 'en:milk-substitutes', 'en:plant-based-beverages', 'en:plant-based-milk-alternatives', 'en:coconuts-and-their-products', 'en:plant-based-creams', 'en:coconut-milks-and-creams', 'en:plant-based-creams-for-cooking']","Extrait de noix de coco* 68%, eau, épaississant : gomme guar. *Produit issu de l'agriculture biologique. 99,3% du total des ingrédients d'origine agricole sont conformes aux standards du commerce équitable.",,[],"Commerce équitable, 1% pour la planète, Union Végétarienne Européenne Végétalien, FR-BIO-01, Point Vert, LK-BIO-149, Sans bisphénol-A, AB Agriculture Biologique, Boîte garantie sans BPA, Garantie Etic : équitable","['en:vegetarian', 'en:fair-trade', 'en:organic', 'en:eu-organic', 'en:vegan', 'en:1-for-the-planet', 'en:european-vegetarian-union', 'en:european-vegetarian-union-vegan', 'en:fr-bio-01', 'en:green-dot', 'en:lk-bio-149', 'en:no-bisphenol-a', 'fr:ab-agriculture-biologique', 'fr:boîte garantie sans bpa', 'fr:garantie etic : équitable']",4.0,170.0,17.0,2.6,2.2,,1.7,0.05,0.02,open_food_facts
coconut milk,4056489346364,Coconut And Rice Milk,Vemondo,"Bulgaria, France, Hungary, Italy, Portugal, Romania, Switzerland, United Kingdom","Rice-based drinks, Mixed plant milks","['en:beverages-and-beverages-preparations', 'en:plant-based-foods-and-beverages', 'en:beverages', 'en:plant-based-foods', 'en:cereals-and-potatoes', 'en:dairy-substitutes', 'en:cereals-and-their-products', 'en:milk-substitutes', 'en:plant-based-beverages', 'en:plant-based-milk-alternatives', 'en:cereal-based-drinks', 'en:rice-based-drinks', 'en:mixed-plant-milks']","water, 5.3% coconut milk (coconut cream, water), 3.3% rice, sea salt, natural coconut flavor, stabilizers: guar gum, gellan gum, xanthan gum,",,[],"European Vegetarian Union Vegan, Green Dot, IT-BIO-009, No added sugar, Nutriscore Grade B","['en:vegetarian', 'en:organic', 'en:eu-organic', 'en:vegan', 'en:european-vegetarian-union', 'en:european-vegetarian-union-vegan', 'en:green-dot', 'en:it-bio-009', 'en:no-added-sugar', 'en:nutriscore', 'en:nutriscore-grade-b']",4.0,19.0,0.9,2.8,1.9,,0.0,0.295,0.118,open_food_facts
coconut cream,8886303210207,Natural Coconut Cream,Kara,"France, Hungary, world","Plant-based milk alternatives, Coconut creams","['en:beverages-and-beverages-preparations', 'en:plant-based-foods-and-beverages', 'en:beverages', 'en:plant-based-foods', 'en:dairy-substitutes', 'en:milk-substitutes', 'en:plant-based-beverages', 'en:plant-based-milk-alternatives', 'en:plant-based-creams', 'en:coconut-milks-and-creams', 'en:plant-based-creams-for-cooking', 'en:coconut-creams']","Natural Coconut Cream (99.9%), Xanthan Gum, Guar Gum, Carrageenan.",nuts,['en:nuts'],"No gluten, Halal, No milk, No preservatives, Vegan, FSC, Green Dot, ISO 9001, No colorings, No flavors, Non GMO project, Organized Kashrut Kosher, Triman","['en:vegetarian', 'en:no-gluten', 'en:halal', 'en:kosher', 'en:no-gmos', 'en:no-milk', 'en:no-preservatives', 'en:vegan', 'en:fsc', 'en:green-dot', 'en:iso-9001', 'en:no-colorings', 'en:no-flavors', 'en:non-gmo-project', 'en:organized-kashrut-kosher', 'fr:triman']",4.0,35.0,4.0,0.0,0.0,0.0,0.0,0.0,0.0,open_food_facts
coconut cream,3229820797922,Coco sans sucres,Bjorg,"France, Maroc","Laits et crèmes de coco, Crèmes végétales pour cuisiner, Boissons végétales de coco","['en:beverages-and-beverages-preparations', 'en:plant-based-foods-and-beverages', 'en:beverages', 'en:plant-based-foods', 'en:fruits-and-vegetables-based-foods', 'en:dairy-substitutes', 'en:fruits-based-foods', 'en:milk-substitutes', 'en:plant-based-beverages', 'en:plant-based-milk-alternatives', 'en:coconuts-and-their-products', 'en:plant-based-creams', 'en:coconut-milks-and-creams', 'en:plant-based-creams-for-cooking', 'en:coconut-based-drinks']","Eau, noix de coco 4%, eau de coco 4%, amidon de riz*, arômes naturels de coco*, stabilisants: gomme guar*, gomme gellane, sel marin. *Ingrédients biologiques",,[],"Entreprise B certifiée, Agriculture UE/Non UE, FR-BIO-01, Fabriqué en Italie, Sans sucre, Nutriscore B, AB Agriculture Biologique","['en:low-or-no-sugar', 'en:organic', 'en:eu-organic', 'en:non-eu-agriculture', 'en:certified-b-corporation', 'en:eu-agriculture', 'en:eu-non-eu-agriculture', 'en:fr-bio-01', 'en:made-in-italy', 'en:no-sugar', 'en:nutriscore', 'en:nutriscore-grade-b', 'fr:ab-agriculture-biologique']",4.0,18.0,1.4,0.8,0.5,0.5,0.6,0.11,0.044,open_food_facts
coconut cream,8997212610412,Organic Coconut Milk,Kara,"France, Singapore","Plant-based milk alternatives, Coconut milks and creams, Plant-based creams for cooking","['en:beverages-and-beverages-preparations', 'en:plant-based-foods-and-beverages', 'en:beverages', 'en:plant-based-foods', 'en:fruits-and-vegetables-based-foods', 'en:dairy-substitutes', 'en:fruits-based-foods', 'en:milk-substitutes', 'en:plant-based-beverages', 'en:plant-based-milk-alternatives', 'en:coconuts-and-their-products', 'en:plant-based-creams', 'en:coconut-milks-and-creams', 'en:plant-based-creams-for-cooking']",organic coconut milk,,[],"No gluten, USDA Organic, Vegan, FR-BIO-01, ID-BIO-154, No additives, Organized Kashrut Kosher, Without addition of dairy products, AB Agriculture Biologique, Triman","['en:vegetarian', 'en:no-gluten', 'en:organic', 'en:eu-organic', 'en:kosher', 'en:usda-organic', 'en:vegan', 'en:fr-bio-01', 'en:id-bio-154', 'en:no-additives', 'en:organized-kashrut-kosher', 'en:without-addition-of-dairy-products', 'fr:ab-agriculture-biologique', 'fr:triman']",1.0,,,,,,,,,open_food_facts
coconut cream,8886303210535,Lait de coco fluide,Kara,France,"Boissons végétales, Aides culinaires, Laits et crèmes de coco, Crèmes végétales pour cuisiner","['en:beverages-and-beverages-preparations', 'en:plant-based-foods-and-beverages', 'en:beverages', 'en:plant-based-foods', 'en:fruits-and-vegetables-based-foods', 'en:dairy-substitutes', 'en:fruits-based-foods', 'en:milk-substitutes', 'en:plant-based-beverages', 'en:plant-based-milk-alternatives', 'en:coconuts-and-their-products', 'en:cooking-helpers', 'en:plant-based-creams', 'en:coconut-milks-and-creams', 'en:plant-based-creams-for-cooking']","Extrait de noix de coco fraîche (64%), eau, épaississants (Gomme xanthane et Gomme guar)",,[],en:Organized Kashrut Kosher,"['en:kosher', 'en:organized-kashrut-kosher']",4.0,182.0,18.0,2.9,2.2,0.5,2.0,0.03,0.012,open_food_facts
coconut cream,4056489842736,Lait de coco,Vemondo,France,"Boissons végétales, Laits et crèmes de coco, Crèmes végétales pour cuisiner","['en:beverages-and-beverages-preparations', 'en:plant-based-foods-and-beverages', 'en:beverages', 'en:plant-based-foods', 'en:fruits-and-vegetables-based-foods', 'en:dairy-substitutes', 'en:fruits-based-foods', 'en:milk-substitutes', 'en:plant-based-beverages', 'en:plant-based-milk-alternatives', 'en:coconuts-and-their-products', 'en:plant-based-creams', 'en:coconut-milks-and-creams', 'en:plant-based-creams-for-cooking']","63% extrait de noix de coco, eau, stabilisant : gomme xanthane.",,[],"Union Végétarienne Européenne Végétalien, Nutriscore C, Triman","['en:vegetarian', 'en:vegan', 'en:european-vegetarian-union', 'en:european-vegetarian-union-vegan', 'en:nutriscore', 'en:nutriscore-grade-c', 'fr:triman']",4.0,169.0,17.0,1.8,1.1,1.1,1.7,0.03,0.012,open_food_facts
chili powder,3166291543200,Piment d'Espelette,Ducros,"France, Allemagne","en:Chili powders, Piments d'Espelette, en:groceries","['en:plant-based-foods-and-beverages', 'en:plant-based-foods', 'en:condiments', 'en:herbs-and-spices', 'en:spices', 'en:chili-peppers', 'en:chili-powders', 'fr:piments-d-espelette', 'en:groceries']",Piment d'Espelette.,,[],AOP,['en:pdo'],1.0,,,,,,,,,open_food_facts
chili powder,3162900031731,Piment d'Espelette A.O.P.,Albert menes,France,"en:Chili powders, Piments d'Espelette, en:groceries","['en:plant-based-foods-and-beverages', 'en:plant-based-foods', 'en:condiments', 'en:herbs-and-spices', 'en:spices', 'en:chili-peppers', 'en:chili-powders', 'fr:piments-d-espelette', 'en:groceries']",,,[],"AOP, AOC","['en:pdo', 'fr:aoc']",,344.0,12.0,23.0,23.0,,14.0,,,open_food_facts
chili powder,3760101440286,Piment d espelette,,France,"en:Chili powders, Piments d'Espelette","['en:plant-based-foods-and-beverages', 'en:plant-based-foods', 'en:condiments', 'en:herbs-and-spices', 'en:spices', 'en:chili-peppers', 'en:chili-powders', 'fr:piments-d-espelette']",Piment d’espelette,,[],,[],1.0,347.0,11.0,22.0,20.0,,14.0,0.16,0.064,open_food_facts
chili powder,3547400900006,Piment d'Espelette AOP,Lidl,France,"en:Chili powders, Piments d'Espelette","['en:plant-based-foods-and-beverages', 'en:plant-based-foods', 'en:condiments', 'en:herbs-and-spices', 'en:spices', 'en:chili-peppers', 'en:chili-powders', 'fr:piments-d-espelette']",,,[],"AOP, Triman","['en:pdo', 'fr:triman']",,347.0,11.0,23.0,20.0,37.0,14.0,0.6,0.24,open_food_facts
chili powder,3162050040843,Piment d'espelette AOP,Sainte Lucie,France,"en:Chili powders, Piments d'Espelette, en:groceries","['en:plant-based-foods-and-beverages', 'en:plant-based-foods', 'en:condiments', 'en:herbs-and-spices', 'en:spices', 'en:chili-peppers', 'en:chili-powders', 'fr:piments-d-espelette', 'en:groceries']",Piment d'espelette AOP,,[],AOP,['en:pdo'],1.0,,,,,,,,,open_food_facts
curry powder,3166296552337,Curry,Ducros,France,"Mélanges d'épices, Curry en poudre","['en:plant-based-foods-and-beverages', 'en:plant-based-foods', 'en:condiments', 'en:herbs-and-spices', 'en:spices', 'en:spice-mix', 'en:curry-powders']","Curcuma (38%), graine de coriandre (115) fenugrec (9.9%), graine de MOUTARDE, oignon déshydraté cardamome, gingembre, anis, fenouil, girofle, ail déshydrat cannelle, piment de la Jamaïque, plantes aromatiques Kurkuma (20%) karian.",moutarde,['en:mustard'],,[],1.0,,,,,,,,,open_food_facts
curry powder,20249939,Curry en poudre,"Kania, LIDL","France, Allemagne",Curry en poudre,"['en:plant-based-foods-and-beverages', 'en:plant-based-foods', 'en:condiments', 'en:herbs-and-spices', 'en:spices', 'en:curry-powders']","Curcuma, graines de coriandre, fenugrec, gingembre, cumin, sel iodé (sel, iodure de potassium), amidon de pomme de terre, piment de Cayenne,",,[],AB Agriculture Biologique,"['en:organic', 'en:eu-organic', 'fr:ab-agriculture-biologique']",3.0,312.0,9.5,25.6,1.8,33.5,13.6,4.7,1.88,open_food_facts
curry powder,3166296205523,Curry Madras,Ducros,"France, Germany","Spice Mix, Curry powders, Groceries","['en:plant-based-foods-and-beverages', 'en:plant-based-foods', 'en:condiments', 'en:herbs-and-spices', 'en:spices', 'en:spice-mix', 'en:curry-powders', 'en:groceries']","roasted cumin, roasted coriander seed (12%), coconut milk powder (coconut extract, maltodextrin, milk protein), salt, brown sugar, cayenne pepper (8%),, dehydrated garlic, ginger, mustard seed (4%), red pepper, turmeric, cinnamon, coriander leaf, black pepper, cloves,","milk, mustard","['en:milk', 'en:mustard']",Triman,['fr:triman'],4.0,368.0,17.0,31.0,12.0,19.0,13.0,10.3,4.12,open_food_facts
curry powder,5010204914275,Medium Curry Powder,Tesco,"Ireland, Switzerland, United Kingdom",Curry powders,"['en:plant-based-foods-and-beverages', 'en:plant-based-foods', 'en:condiments', 'en:herbs-and-spices', 'en:spices', 'en:curry-powders']","Coriander Seed, Cumin Seed. Onion, Salt, Chilli Powder, Fenugreek, Garlic Powder, Ginger, Paprika, Turmeric, Cinnamon, Black Pepper, Clove, Bay Leaf, Cardamom.",,[],,[],3.0,310.0,12.1,19.4,3.1,35.8,13.0,8.2,3.28,open_food_facts
curry powder,4088600132068,Medium curry powder,"Aldi, Stonemill","Ireland, United Kingdom","Curry powders, Groceries","['en:plant-based-foods-and-beverages', 'en:plant-based-foods', 'en:condiments', 'en:herbs-and-spices', 'en:spices', 'en:curry-powders', 'en:groceries']","CORIANDER SEEDS (27%), Salt, Maltodextrin, Turmeric Powder, GINGER POWDER (7%), CUMIN (6%), Fenugreek, Mustard Flour, Garlic Powder, Allspice, Cayenne Pepper, Black Pepper",mustard,['en:mustard'],,[],4.0,300.0,10.5,26.3,1.9,26.2,12.0,12.29,4.916,open_food_facts
rice flour,3760130560726,Farine complète de Riz Bio,Non Fournil,France,"Rice flours, fr:Farines complètes de riz","['en:plant-based-foods-and-beverages', 'en:plant-based-foods', 'en:cereals-and-potatoes', 'en:cereals-and-their-products', 'en:flours', 'en:cereal-flours', 'en:rice-flours', 'fr:farines complètes de riz']",whole rice flour,,[],"DE-ÖKO-007, EU Agriculture, FR-BIO-01, AB Agriculture Biologique, Afdiag","['en:no-gluten', 'en:organic', 'en:crossed-grain-trademark', 'en:eu-organic', 'en:de-oko-007', 'en:eu-agriculture', 'en:fr-bio-01', 'fr:ab-agriculture-biologique', 'fr:afdiag']",1.0,352.0,2.5,74.0,0.0,3.6,7.5,0.0,0.0,open_food_facts
rice flour,7613039587003,Nestle lion wild cereal,,Maroc,"Sels, Beurres, Sucres, Gélifiants, Beurres de cacao, Semoules de maïs, Fer, Laits en poudre, Farines de riz, lactosérum en poudre, B2, B5, B6, Bulking agent, Calcium carbonate, Caramelised sugar syrup, Carotene, Chocolate flavouring, Fat reduced cocoa powder, Folic acid, Glucose syrup, Maltodextrin, Natural caramel, Non hydrogenated vegetable oil, Tocopherols, Vitamin B3, Whole grain wheat","['en:beverages-and-beverages-preparations', 'en:plant-based-foods-and-beverages', 'en:beverages', 'en:dairies', 'en:plant-based-foods', 'en:cereals-and-potatoes', 'en:condiments', 'en:fats', 'en:spreads', 'en:cereals-and-their-products', 'en:dried-products', 'en:flours', 'en:milks-liquid-and-powder', 'en:vegetable-fats', 'en:cereal-flours', 'en:dried-products-to-be-rehydrated', 'en:spreadable-fats', 'en:sweeteners', 'en:animal-fats', 'en:cereal-semolinas', 'en:dairy-spreads', 'en:food-additives', 'en:milkfat', 'en:salts', 'en:butters', 'en:dietary-supplements', 'en:sugars', 'en:dehydrated-beverages', 'en:mineral-supplements', 'en:thickeners', 'en:cocoa-butter', 'en:corn-semolinas', 'en:iron-supplements', 'en:milk-powders', 'en:rice-flours', 'en:whey-powder', 'fr:b2', 'fr:b5', 'fr:b6', 'fr:bulking agent', 'fr:calcium carbonate', 'fr:caramelised sugar syrup', 'fr:carotene', 'fr:chocolate flavouring', 'fr:fat reduced cocoa powder', 'fr:folic acid', 'fr:glucose syrup', 'fr:maltodextrin', 'fr:natural caramel', 'fr:non hydrogenated vegetable oil', 'fr:tocopherols', 'fr:vitamin b3', 'fr:whole grain wheat']",,,[],Sans colorants,['en:no-colorings'],2.0,433.0,15.5,65.8,24.6,,5.0,0.8,0.32,open_food_facts
rice flour,0076808003888,Gluten Free Spaghetti,Barilla,"Bolivia, Germany, United States, world","Cereals and their products, Gluten-free dry pasta, Spaghetti, Gluten-free Spaghetti, Italian pasta","['en:plant-based-foods-and-beverages', 'en:plant-based-foods', 'en:cereals-and-potatoes', 'en:specific-products', 'en:cereals-and-their-products', 'en:products-for-specific-diets', 'en:pastas', 'en:products-without-gluten', 'en:dry-pastas', 'en:gluten-free-pasta', 'en:gluten-free-dry-pasta', 'en:spaghetti', 'en:gluten-free-spaghetti', 'en:italian-pasta']","CORN FLOUR, RICE FLOUR, MONO AND DIGLYCERIDES.",none,['en:none'],"Certified gluten-free, Made in USA, Non GMO project, Orthodox Union Kosher","['en:no-gluten', 'en:kosher', 'en:no-gmos', 'en:certified-gluten-free', 'en:made-in-usa', 'en:non-gmo-project', 'en:orthodox-union-kosher']",4.0,335.102638521014,1.76369809747902,,0.0,3.52739619495804,7.05479238991608,0.0,0.0,open_food_facts
rice flour,3760275575463,Farine de riz gluant,Autour du Riz,France,"Riz gluant, Farines de riz, en:Glutinous rice flours","['en:plant-based-foods-and-beverages', 'en:plant-based-foods', 'en:cereals-and-potatoes', 'en:seeds', 'en:cereals-and-their-products', 'en:flours', 'en:cereal-flours', 'en:cereal-grains', 'en:rices', 'en:glutinous-rices', 'en:rice-flours', 'en:glutinous rice flours']",Farine de riz d'u Sticky rice traditionnel 100% Farine de riz gluant blanc issu de l'agriculture biologique,,[],FR-BIO-10,"['en:organic', 'en:eu-organic', 'en:fr-bio-10']",,355.0,0.7,81.0,0.0,0.0,6.2,0.0,0.0,open_food_facts
rice flour,5011766010085,Ryžová múka bezlepková,Doves Farm,"Germany, Slovakia, United Kingdom","Rice flours, sk:ryzova-muka","['en:plant-based-foods-and-beverages', 'en:plant-based-foods', 'en:cereals-and-potatoes', 'en:cereals-and-their-products', 'en:flours', 'en:cereal-flours', 'en:rice-flours', 'sk:ryzova-muka']","white rice, brown rice",,[],No gluten,['en:no-gluten'],1.0,354.0,2.0,75.0,0.3,2.6,7.8,0.025,0.012,open_food_facts
lentils,3083680918497,Cassegrain - Lentilles préparées 4/4,Cassegrain,"France, Allemagne","Plats préparés en conserve, Légumineuses en conserve, Lentilles préparées, en:Vegetables - Prepared/Processed (Shelf Stable), Legumes-preparees","['en:plant-based-foods-and-beverages', 'en:plant-based-foods', 'en:legumes-and-their-products', 'en:canned-foods', 'en:legumes', 'en:meals', 'en:seeds', 'en:canned-plant-based-foods', 'en:legume-seeds', 'en:pulses', 'en:canned-meals', 'en:lentils', 'en:canned-legumes', 'en:prepared-lentils', 'en:vegetables - prepared/processed (shelf stable)', 'fr:legumes-preparees']","Eau, lentilles sèches trempées 32%, carottes 3%, arômes, oignons déshydratés 0.7%, sel, feuille de laurier, affermissant : chlorure de calcium.

 

peut contenir des cécérales contenant du GLUTEN, SOJA",gluten,['en:gluten'],"Sans conservateurs, Nutriscore A, Triman","['en:no-preservatives', 'en:nutriscore', 'en:nutriscore-grade-a', 'fr:triman']",4.0,91.0,0.5,14.0,0.5,3.1,6.6,0.76,0.304,open_food_facts
lentils,3760020508883,Lentilles façon petit salé,"Jardin Bio, Léa nature",France,"Microwave meals, Prepared lentils","['en:plant-based-foods-and-beverages', 'en:plant-based-foods', 'en:legumes-and-their-products', 'en:legumes', 'en:meals', 'en:seeds', 'en:legume-seeds', 'en:pulses', 'en:lentils', 'en:microwave-meals', 'en:prepared-lentils']","water, green lentils dry 27%, pieces of vegetables to 10,2% (carrots, onions), pieces of cooked ham to 6,9% (ham of pig, water, salt, glucose syrup, raw cane sugar, natural aroma, antioxidant : ascorbic acid), sunflower oil, vegetable bouillon powder (sea salt, yeast extract, maize starch, sunflower oil, carrots, leeks, spices, aromatic plants, celery ), herbs,",celery,['en:celery'],"Certified by Ecocert, 1% for the planet, EU/non-EU Agriculture, Made in France, No flavors, Nutriscore Grade A, AB Agriculture Biologique","['en:organic', 'en:certified-by-ecocert', 'en:eu-organic', 'en:non-eu-agriculture', 'en:1-for-the-planet', 'en:eu-agriculture', 'en:eu-non-eu-agriculture', 'en:made-in-france', 'en:no-flavors', 'en:nutriscore', 'en:nutriscore-grade-a', 'fr:ab-agriculture-biologique']",4.0,135.0,2.3,17.0,0.6,7.2,8.0,0.65,0.26,open_food_facts
lentils,3270160695621,"Crevettes à l'indienne, lentilles corail et légumes",Picard,France,"Plats préparés au poisson, Plats préparés surgelés, Plats à base de lentilles, plats préparés à réchauffer au micro-ondes, Plats aux crevettes","['en:frozen-foods', 'en:meals', 'en:combination-meals', 'en:meals-with-fish', 'en:frozen-ready-made-meals', 'en:lentil-dishes', 'en:meals-with-shellfish', 'en:microwave-meals', 'en:meals-with-shrimps']","Lentille corail cuite 26,7%, queue de crevette crue décortiquée (CRUSTACÉS) 20%, eau, courgette 7,7%, yaourt nature brassé 1% de matière grasse (LAIT) 6,6%, carotte 5,5%, épinard 4,6%, tomate 4,6%, oignon 3%, poivron jaune 2,3%, échalote, lait de coco en poudre 1,1% [lait de noix de coco, maltodextrine, caséinate de sodium (LAIT)], fumet de POISSONS [eau, POISSONS, sel, huile de tournesol, vin blanc, fibre d'agrumes, oignon en poudre], huile d'olive vierge extra, beurre (LAIT), LAIT entier en poudre, jus de citron, farine de riz, ail, fibre de lin, huile de tournesol, sauce au POISSONS 0,15% (extrait de POISSONS (anchois), sel, eau), curcuma, coriandre en poudre, sel, basilic, cumin, gingembre, thym, cannelle, piment de cayenne. Peut contenir des traces de: œuf, arachide, céleri.","crustacés, poisson, lait","['en:crustaceans', 'en:fish', 'en:milk']","Source de fibres alimentaires, Riche en protéines, Nutriscore A, Triman","['en:source-of-fibre', 'en:source-of-proteins', 'en:high-proteins', 'en:nutriscore', 'en:nutriscore-grade-a', 'fr:triman']",4.0,93.1428571428571,2.8,7.6,1.7,3.1,8.1,0.33,0.132,open_food_facts
lentils,5013665115373,Lentil and Pea Cakes with Beetroot and Balsamic Flavour Seasoning,Kallo,United Kingdom,"Crackers (Appetizers), Vegetable cakes","['en:snacks', 'en:salty-snacks', 'en:appetizers', 'en:biscuits-and-crackers', 'en:crackers-appetizers', 'en:vegetable-cakes']","Lentil Flour 76%, Rapeseed Oil, Beetroot, Balsamic Seasoning 7.2% (Sugar, Salt, Onion, Natural Flavour, Beetroot Red 8%, Garlic, Black Pepper, Balsamic Vinegar 0.7%), Green Peas 5.7%",,[],"No gluten, Vegan, Certified B Corporation, High fibres, Rich in vegetable protein","['en:vegetarian', 'en:no-gluten', 'en:source-of-fibre', 'en:source-of-proteins', 'en:vegan', 'en:certified-b-corporation', 'en:high-fibres', 'en:high-proteins', 'en:rich-in-vegetable-protein']",4.0,400.0,12.0,51.0,3.6,6.0,25.0,0.1035,0.433,open_food_facts
lentils,3083681085891,Lentilles Vapeur,Bonduelle,France,"Canned vegetables, Canned legumes, Cooked lentils, Prepared lentils, Vegetables - Prepared/Processed (Shelf Stable)","['en:plant-based-foods-and-beverages', 'en:plant-based-foods', 'en:fruits-and-vegetables-based-foods', 'en:legumes-and-their-products', 'en:vegetable-based-foods-and-beverages', 'en:canned-foods', 'en:legumes', 'en:meals', 'en:seeds', 'en:vegetables-based-foods', 'en:canned-plant-based-foods', 'en:legume-seeds', 'en:canned-vegetables', 'en:prepared-vegetables', 'en:pulses', 'en:lentils', 'en:canned-legumes', 'en:cooked-vegetables', 'en:cooked-lentils', 'en:prepared-lentils', 'en:vegetables - prepared/processed (shelf stable)']","Soaked dried lentls, water, salt, firming agent : calcium chloride May contain WHEAT",celery,['en:celery'],"No preservatives, High fibres, High proteins, Nutriscore Grade A, Végétalien, Végétarien","['en:no-preservatives', 'en:source-of-fibre', 'en:source-of-proteins', 'en:high-fibres', 'en:high-proteins', 'en:nutriscore', 'en:nutriscore-grade-a', 'en:végétalien', 'en:végétarien']",4.0,116.0,0.4,16.0,0.5,6.8,8.7,0.48,0.192,open_food_facts
tea,6923818812082,Green Tea,green tea,"France, Maroc",Thés verts chinois,"['en:beverages-and-beverages-preparations', 'en:plant-based-foods-and-beverages', 'en:beverages', 'en:hot-beverages', 'en:plant-based-beverages', 'en:teas', 'en:green-teas', 'en:chinese-green-teas']",100% soluble coffee,,[],,[],1.0,0.5,0.5,0.5,0.2,0.2,0.5,0.1,0.04,open_food_facts
tea,3168930159896,Ice Tea Pêche,Lipton,"France, La Réunion","Thés glacés, Boissons avec sucre ajouté","['en:beverages-and-beverages-preparations', 'en:beverages', 'en:tea-based-beverages', 'en:iced-teas', 'en:sweetened-beverages']","Eau, sucre, fructose, acidifiants (acide citrique, acide malique), extrait de thé noir⁽¹⁾ (0,12%), jus de pêche à base de concentré (0,1%), correcteur d'acidité (citrate trisodique), arômes, antioxydant (acide ascorbique), édulcorant (Glycosides de stéviol issus de Stevia),⁽¹⁾ Certifié Rainforest Alliance.",,[],"Point Vert, metal recycles forever, Sans colorants, Vérifié Rainforest Alliance, Triman","['en:green-dot', 'en:metal-recycles-forever', 'en:no-colorings', 'en:rainforest-alliance', 'fr:triman']",4.0,13.0,0.0,3.1,3.0,,0.0,0.03,0.012,open_food_facts
tea,6111175000741,41022,,"ألمانيا, المغرب","en:Teas, en:Thea","['en:beverages-and-beverages-preparations', 'en:plant-based-foods-and-beverages', 'en:beverages', 'en:hot-beverages', 'en:plant-based-beverages', 'en:teas', 'en:thea']",,,[],,[],,,,,,,,,,open_food_facts
tea,3168930170549,Ice tea,Lipton,France,"Boissons édulcorées, Thés glacés saveur pêche, Boisson au thé aromatisée sucrée","['en:beverages-and-beverages-preparations', 'en:beverages', 'en:artificially-sweetened-beverages', 'en:still-soft-drinks', 'en:tea-based-beverages', 'en:iced-teas', 'en:peach-flavored-iced-teas', 'en:still-soft-drink-with-tea-extract', 'en:still-soft-drink-with-tea-extract-flavoured-with-sugar']","Eau,sucre,fructose,acidifiants (acide citrique, acide malique),extrait de thé noir⁽¹⁾ (0,12%),jus de pêche à base de concentré (0,1%),correcteur d'acidité (citrate trisodique),arômes,antioxydant (acide ascorbique),édulcorant (Glycosides de stéviol issus de Stevia),⁽¹⁾ Certifié Rainforest Alliance.,Plus d'informations sur ra.org.,People and nature = l'humain et la nature.",,[],"Sans colorants, Vérifié Rainforest Alliance, Triman, Faible en calories","['en:no-colorings', 'en:rainforest-alliance', 'fr:triman', 'fr:faible en calories']",4.0,13.0,0.0,3.1,3.0,,0.0,0.03,0.012,open_food_facts
tea,6111252422428,saveur fruit rouge ice tea,Lipton Ice tea,Maroc,"Boissons édulcorées, Thés glacés, Boisson au thé aromatisée, Boissons avec sucre ajouté","['en:beverages-and-beverages-preparations', 'en:beverages', 'en:artificially-sweetened-beverages', 'en:still-soft-drinks', 'en:tea-based-beverages', 'en:iced-teas', 'en:still-soft-drink-with-tea-extract', 'en:sweetened-beverages']","Eau, sucre, acidulant (acide-citrique), extrait de thé noir (0,12%), jus de canneberge à base de concentré (0,1%), jus de framboise à base de concentré (0,1%), jus de mûre à base de concentré (0,09), arome (nature identique), Stabilisant (Polyphosphates) Conservateur (Sorbate de Potassium), antioxydant (acide ascorbique), édulcorant (Glycosides de Steviol).. مشروب غير غازى بخلاصات الشاي الأسود و عصير التوت - محلى بالسكر والمحليات. المكونات: ماء سكر مادة 190,12، عصير التوت البري من مركز (0,1%)، عصير ) وت العليق عن مركز (0,1%)، عصير ون 7/10/2024, 17:34 .(%0 LEICA ـود XIAOMI ر التوت الأسود من عصير التوت ثرت (بوني",,[],Point Vert,['en:green-dot'],4.0,25.0,0.0,,6.0,,0.0,0.0675,0.027,open_food_facts
ginger beer,5060108450386,Premium Ginger Beer,CUVECO AS,Nederland,"Frisdranken, Gemberbieren, Gesuikerde dranken","['en:beverages-and-beverages-preparations', 'en:beverages', 'en:carbonated-drinks', 'en:non-alcoholic-beverages', 'en:sodas', 'en:non-alcoholic-beers', 'en:ginger-beer', 'en:sweetened-beverages']","Eau de source gazéifiée, sucre, gingembre, arôme naturel de gingembre avec autres arômes naturels, acidifiant (acide tartrique), antioxydant (acide ascorbique).",,[],"Glutenvrij, Veganistisch","['en:vegetarian', 'en:no-gluten', 'en:vegan']",,41.0,0.0,10.2,10.2,,0.0,0.0,0.0,open_food_facts
ginger beer,5060108450348,Premium Ginger Beer,"Multibev, ฟีเวอร์ทรี","Belgique, France, Allemagne, Maroc, Suisse, Thaïlande","Sodas, Limonades, Boissons avec sucre ajouté","['en:beverages-and-beverages-preparations', 'en:beverages', 'en:carbonated-drinks', 'en:non-alcoholic-beverages', 'en:sodas', 'en:lemonade', 'en:sweetened-beverages']","Eau de source gazéifiée, sucre de canne, gingembre, arômes naturels: acide tartrique, antioxydant: acide ascorbique.",,[],Sans gluten,['en:no-gluten'],4.0,36.0,0.0,7.9,7.9,0.0,0.0,0.02,0.008,open_food_facts
ginger beer,3124480193698,Ginger Beer,Schweppes,France,"Boissons édulcorées, Sodas, Bière de gingembre, Boissons avec sucre ajouté","['en:beverages-and-beverages-preparations', 'en:beverages', 'en:carbonated-drinks', 'en:artificially-sweetened-beverages', 'en:non-alcoholic-beverages', 'en:sodas', 'en:non-alcoholic-beers', 'en:ginger-beer', 'en:sweetened-beverages']","Eau gazéifiée, sucre, correcteurs d'acidité: acide tartrique et citrate de sodium, stabilisant : gomme d'acacia, arome naturel de gingembre avec autres arômes naturels, antioxydant : acide ascorbique, conservateur : sorbate de potassium, édulcorants : acesulfame K et sucralose, extrait de gingembre,",,[],,[],4.0,18.0,0.0,4.3,4.3,0.0,0.0,0.03,0.012,open_food_facts
ginger beer,3770009345095,Ginger Beer,La French,France,"Sodas, Bière de gingembre","['en:beverages-and-beverages-preparations', 'en:beverages', 'en:carbonated-drinks', 'en:non-alcoholic-beverages', 'en:sodas', 'en:non-alcoholic-beers', 'en:ginger-beer']","eau gazéifiée, sirop de sucre de canne*, jus de citron concentré* (1,8%), extrait de gingembre* (0,2%), arôme naturel de gingembre. *Ingrédients issus de l'agriculture biologique.",,[],"Agriculture UE/Non UE, FR-BIO-01, Point Vert, Sans édulcorants, AB Agriculture Biologique, Triman","['en:organic', 'en:eu-organic', 'en:non-eu-agriculture', 'en:eu-agriculture', 'en:eu-non-eu-agriculture', 'en:fr-bio-01', 'en:green-dot', 'en:without-sweeteners', 'fr:ab-agriculture-biologique', 'fr:triman']",4.0,26.0,0.0,6.5,6.4,0.02,0.01,0.01,0.004,open_food_facts
ginger beer,9311493002220,Bundaberg Non Alcoholic Ginger Beer,Bundaberg,"France, Allemagne, Suisse","Sodas, Bière de gingembre, Boissons avec sucre ajouté","['en:beverages-and-beverages-preparations', 'en:beverages', 'en:carbonated-drinks', 'en:non-alcoholic-beverages', 'en:sodas', 'en:non-alcoholic-beers', 'en:ginger-beer', 'en:sweetened-beverages']","EAU GAZÉIFIÉE, SUCRE, RACINE DE GINGEMBRE, AROMES, ACIDE CITRIQUE LEVURE CONSERNATEURS: E202, E211,  ANTIOXYIDANT ACIDE ASCORBIQUE.",,[],"Fabriqué en Australie, Point Vert","['en:australian-made', 'en:green-dot']",4.0,45.0,0.5,10.8,10.8,,0.5,0.0,0.0,open_food_facts
